scenario,endpoint,cv_method,auc_age,auc_age_gene,delta_auc,delta_auc_ci_low,delta_auc_ci_high,warnings
Primary,doku_anomalisi_var_rt,LOO,0.0,0.5958333333333333,0.5958333333333333,0.3708115842490843,0.8076923076923077,AUC < 0.5
Primary,doku_anomalisi_var_rt,RSKF,0.29483333333333334,0.6368750000000001,0.34204166666666674,0.24562500000000012,0.448125,AUC < 0.5
Primary,gingivitis,LOO,0.8181818181818181,0.8023715415019763,-0.015810276679841806,-0.14388384754990927,0.09474937343358385,
Primary,gingivitis,RSKF,0.8268774703557312,0.8084584980237155,-0.01841897233201578,-0.09288537549407117,0.04016798418972339,
Primary,caries_any_rt,LOO,0.8083333333333332,0.9083333333333333,0.10000000000000009,-0.042351572039072034,0.2578148148148146,
Primary,caries_any_rt,RSKF,0.83025,0.9063333333333332,0.07608333333333334,0.03588541666666665,0.11156249999999995,
k=3,doku_anomalisi_var_rt,LOO,0.0,0.5958333333333333,0.5958333333333333,0.3862433862433863,0.8148611111111109,AUC < 0.5
k=3,doku_anomalisi_var_rt,RSKF,0.29483333333333334,0.6368750000000001,0.34204166666666674,0.24562500000000012,0.448125,AUC < 0.5
k=3,gingivitis,LOO,0.8181818181818181,0.8023715415019763,-0.015810276679841806,-0.15425986842105263,0.09523809523809523,
k=3,gingivitis,RSKF,0.8268774703557312,0.8084584980237155,-0.01841897233201578,-0.09288537549407117,0.04016798418972339,
k=3,caries_any_rt,LOO,0.8083333333333332,0.9083333333333333,0.10000000000000009,-0.03574735449735448,0.254881944444444,
k=3,caries_any_rt,RSKF,0.83025,0.9063333333333332,0.07608333333333334,0.03588541666666665,0.11156249999999995,
k=4,doku_anomalisi_var_rt,LOO,0.0,0.5958333333333333,0.5958333333333333,0.37978219696969695,0.8095238095238095,AUC < 0.5
k=4,doku_anomalisi_var_rt,RSKF,0.29483333333333334,0.6368750000000001,0.34204166666666674,0.24562500000000012,0.448125,AUC < 0.5
k=4,gingivitis,LOO,0.8181818181818181,0.8023715415019763,-0.015810276679841806,-0.1439867424242423,0.09615384615384615,
k=4,gingivitis,RSKF,0.8268774703557312,0.8084584980237155,-0.01841897233201578,-0.09288537549407117,0.04016798418972339,
k=4,caries_any_rt,LOO,0.8083333333333332,0.9083333333333333,0.10000000000000009,-0.0379734848484847,0.24868838763575593,
k=4,caries_any_rt,RSKF,0.83025,0.9063333333333332,0.07608333333333334,0.03588541666666665,0.11156249999999995,
