HASTA KODU,YAŞ,OCCL TİP,OPEN BITE,CROSSBITE,OVERJET,OVERBITE,EKTOPİ,HETEROTOPİ,TRANSPOZİSYON,DEPLASMAN,INVERSIYON,DİŞ EKSİKLİĞİ,GÖMÜLÜ,ARTI DİŞ,MAKRODONTİ,MİKRODONTİ,FAZLA TÜBERKÜL,SARKIK MİNE,MİNE İNCİSİ,TAURODONTİZM,KÖK ANOMALİSİ,DOKU ANOMALİSİ,DMFT/dmft,gingivitis,gen mutasyonu
1,3,1,0,0,0,0,0,0,0,0,0,0,0,0,0,0,0,0,0,0,0,2,0,0,COL1A2 c.2295+5G>A ht
2,8,3,0,0,0,0,0,0,0,0,0,0,0,0,0,0,0,0,0,0,0,0,12,0,P3H1 c.446T>G.p
3,3,1,0,0,0,0,0,0,0,0,0,0,0,0,0,0,0,0,0,0,0,2,0,0,COL1A2 c.740G>A ht(antenatal tanı)
4,2,1,0,0,0,0,0,0,0,0,0,0,0,0,0,0,0,0,0,0,0,7,0,0,P3H1 c.446T>G p.(Leu149Arg) homo
5,6,4,0,0,0,0,0,0,0,0,0,0,0,0,0,0,0,0,0,0,0,0,0,0,COL1A1 c.437T>C (p.F1456S)
6,7,3,0,1,0,0,0,0,0,0,0,0,0,0,0,0,0,0,0,0,0,0,6,0,P3H1 c.446T>G p.(Leu149Arg) homo
7,4,1,0,0,0,0,0,0,0,0,0,0,0,0,0,0,0,0,0,0,0,0,1,0,WNT1 c.541G>C hom
8,4,1,0,0,0,0,0,0,0,0,0,0,0,0,0,0,0,0,0,0,0,0,1,0,"PRDM5 c.11T>G homo(Brittle Cornea 2) VUS, CBS c.1594G>A homo(HMS)"
9,10,1,0,0,0,0,0,0,0,0,0,0,0,0,0,0,0,0,0,0,0,0,3,1,P3H1 c.446T>G p.(Leu149Arg) homo
10,3,1,0,0,0,0,0,0,0,0,0,0,0,0,0,0,0,0,0,0,0,0,0,0,ALX3(NM_006492.3):c.993del HOMO VUS
11,16,3,1,1,0,0,0,0,1,0,0,0,0,0,0,0,0,0,0,1,0,0,1,1,P3H1 c.2073G>A homo (VUS) (+MSH6 c.3539C>G)
12,14,1,0,0,0,0,0,0,0,0,0,0,0,0,0,0,0,0,0,0,0,0,1,1,LTBP3 c.3355C>G ht VUS /DEL:chr17-39976265-39976955 FKBP10 het del (taşıyıcı ama LTBP3'den etkilenmiş) (geleofizik displazi üç)
13,12,1,1,0,0,0,0,0,1,0,0,0,0,0,0,0,0,0,0,0,0,0,1,0,FKBP10 c.890_897dupTGATGGAChomo
14,18,3,0,1,0,0,0,0,0,0,0,0,0,1,0,0,0,0,0,0,0,0,4,1,COL1A2 c.605G>A ht
15,18,1,0,0,0,0,0,0,0,0,0,0,1,0,0,0,0,0,0,0,0,1,11,1,"COL1A2 c.50T>G HO, LAMB3 c.2066_2067delTCinsA p. HT"
16,13,1,1,0,0,0,0,0,0,0,0,0,0,0,0,0,0,0,0,0,0,0,0,0,COL1A1 c.3287del p.(Lys1096ArgfsTer12) het likely pat.
17,18,1,0,0,0,0,0,0,0,0,0,0,0,0,0,0,0,0,0,0,0,0,6,0,COL1A1 c.1540 C>T HT VUS
18,17,1,0,1,0,0,0,0,0,0,0,0,1,0,0,0,0,0,0,0,0,0,3,0,FKBP10 c.890_897dupTGATGGAChomo
19,10,1,0,0,0,0,0,0,0,0,0,0,0,0,0,0,0,0,0,0,0,0,2,0,FKBP10 homo(+EBL)
20,15,1,1,0,0,0,0,0,1,0,0,0,0,0,0,0,0,0,0,0,0,2,2,0,COL1A2 c.1199 G>C HT L.PATOJENİK
21,7,1,0,0,0,0,0,0,0,0,0,0,0,0,0,0,0,0,0,0,0,0,3,0,FKBP10 c.890_897dupTGATGGAChomo
22,13,1,0,0,0,0,0,0,0,0,0,0,0,0,0,0,0,0,0,1,0,2,0,1,COL1A1 c.3008dup p.(Gly1004TrpfsTer8)  het likely pat.
23,14,2,0,1,0,1,0,0,1,0,0,0,0,0,0,0,0,0,0,1,0,2,1,1,P3H1 c.446T>G(p.L149R) homo VUS yeni mut
24,11,1,0,0,0,1,0,0,0,0,0,0,1,0,0,0,0,0,0,1,0,0,2,0,FKBP10 c.809_897dup (p.Gly300Ter) homo(+EBL) Bruck Synrome 1; BRKS1
25,4,1,0,0,0,0,0,0,0,0,0,0,0,0,0,0,0,0,0,0,0,0,0,0,COL1A1 c.1252del ht
26,6,1,0,0,0,0,0,0,0,0,0,1,0,0,0,0,0,0,0,0,1,2,0,0,P3H1 (NM_022356.4) Chr1: 43232197 c.446T>G p.(Leu149Arg) Homozigot VUS
27,16,3,0,1,0,0,0,0,1,0,0,0,1,0,0,0,0,0,0,0,0,2,6,1,P3H1 C.941-1G>A
28,13,1,0,0,0,0,0,0,0,0,0,0,0,0,0,0,0,0,0,0,0,7,10,1,FKBP10 c.310C>T(p.R104*) homozigot
29,5,1,1,0,0,0,0,0,0,0,0,0,0,0,0,0,0,0,0,0,0,0,0,0,COL1A2 c.2027 G>T ht(p.G676V)
30,6,1,0,0,0,0,0,0,0,0,0,0,0,0,0,0,0,0,0,0,0,0,14,0,FKBP10 c.890_897dupTGATGGAChomo
31,14,1,0,0,0,0,0,0,0,0,0,0,0,0,0,0,0,0,0,1,0,0,1,1,LRP5 c.3955G>A p.(Gly1319Ser) heterozigot (rs968164869)
32,17,1,0,0,0,0,0,0,0,0,0,0,0,0,0,0,0,0,0,1,0,0,2,1,FKBP10 c.1276dupC homo
33,11,1,0,0,0,0,0,0,0,0,0,0,0,0,0,0,0,0,0,0,0,0,3,0,COL1A2 c.451G>A HT
34,18,1,1,0,0,0,0,0,0,0,0,0,0,0,0,0,0,0,0,0,0,0,9,0,COL1A1 c.804+1 G>T
